{
  "timestamp": "2026-02-11 13:48:59",
  "defaults": {
    "max_voltage": 3.3,
    "dipole_strength": 2.88
  },
  "candidate": {
    "kbdot": 400000.0,
    "kp": 0.0014,
    "ki": 6e-05,
    "kd": 0.18
  },
  "cases": {
    "DT_A": {
      "ok": true,
      "w_final": 0.025531,
      "err_deg": 54.670168,
      "final_mode": 3,
      "sat": 0.356667,
      "proj_loss": 0.177199,
      "int_clamp": 0.195333,
      "transitions": 2,
      "t_settle": 498.1,
      "score": 124.61115568333334,
      "failure": ""
    },
    "DT_B": {
      "ok": true,
      "w_final": 0.028197,
      "err_deg": 24.719996,
      "final_mode": 3,
      "sat": 0.370444,
      "proj_loss": 0.307134,
      "int_clamp": 0.307167,
      "transitions": 2,
      "t_settle": 413.8,
      "score": 103.54011078333333,
      "failure": ""
    },
    "PT_A": {
      "ok": true,
      "w_final": 0.028157,
      "err_deg": 88.141813,
      "final_mode": 3,
      "sat": 0.019,
      "proj_loss": 0.941667,
      "int_clamp": 0.941667,
      "transitions": 1,
      "t_settle": 311.3,
      "score": 88.85112631666667,
      "failure": ""
    },
    "PT_B": {
      "ok": true,
      "w_final": 0.025835,
      "err_deg": 20.167671,
      "final_mode": 3,
      "sat": 0.026278,
      "proj_loss": 0.952866,
      "int_clamp": 0.953,
      "transitions": 2,
      "t_settle": 340.3,
      "score": 74.26309643333333,
      "failure": ""
    }
  }
}